<?xml version="1.0" encoding="UTF-8"?>
<project-private xmlns="http://www.netbeans.org/ns/project-private/1">
    <editor-bookmarks xmlns="http://www.netbeans.org/ns/editor-bookmarks/2" lastBookmarkId="0"/>
    <open-files xmlns="http://www.netbeans.org/ns/projectui-open-files/2">
        <group>
            <file>file:/home/sahid/www/k-linkcare/application/controllers/error_page.php</file>
            <file>file:/home/sahid/www/k-linkcare/application/views/html_config.php</file>
            <file>file:/home/sahid/www/k-linkcare/application/views/error_page.php</file>
            <file>file:/home/sahid/www/k-linkcare/application/models/menu_model.php</file>
        </group>
    </open-files>
</project-private>
